,A01,A02,A03,B05-09,C10-12,C13-15,C16,C17,C18,C19,C20-C21,C22,C23,C24,C25,C26,C27,C28,C29,C30,C31-32,C33,D35,E36,E37-39,F41-43,G45-47,H49,H50,H51,H52-53,I55-56,J58,J59-60,J61,J62-63,K64,K65,K66,L68,M69-70,M71-72,M73,M74-75,N77,N78,N79,N80-82,O84,P85,Q86,Q87-88,R90-92,R93,S94,S95,S96,T97-98,R93,S94,S95,S96,T97-98
A01,8609.35594729561,238.414743690022,0.514820228003508,27.6939285448776,23007.4596736169,340.219913434822,6.1466955752388,0.634677673780289,0.074719668507481,0.670290966030653,631.563204988013,22.3626517703937,0.720074962865325,0.864464712321923,7.21362929495246,6.66184890477375,0.09859688784825,2.00529868307183,0.271809542374928,0.048627105424399,1.5820577965645,3.18396741027683,2.62197538465266,0.042323497539764,49.2367173408329,145.654809212737,1631.99665239737,113.389548061659,8.36757712474089,0,1.17670829454507,696.238239371525,0.790941209448917,0.056286337230846,0.438105270839078,26.2133187183677,0.990177959463429,0.053878973350906,1.0267757034937,72.1071007325696,191.579514820244,103.481449883821,2.13020799203101,4.85659284045422,132.863877199842,9.50597588943624,1.48004168815613,139.066558335327,31.5640043126842,153.855791943465,210.492853095107,182.952318436478,13.0385762744332,352.686513578842,24.7512951338815,0.180024470125749,34.3516257626723,0,,,,,
A02,24.7095632931308,1813.19451539085,0.041742180648933,2.26244503651911,71.921716097379,5.3876604067951,21185.0924547469,8155.40023436946,0,0.175444315327588,98.8735985006909,0.27893511463265,2.03456473491743,0.010433489707503,21.1625641955098,0.11561434540747,1.79394313104979,0.01288471061662,0,0.000331877116116,19.8057218728403,0.555147830055534,316.799913737734,2.29662461248805,182.718848888864,63.9322389264857,398.175557220626,3.30662155316822,0,0,24.2769775949106,0.231490208856577,0.037170237004937,0,1.787608868528,18.0416465274261,0,0.077825183729086,0.143370914161899,56.8376314289168,149.070330860261,92.0625275066816,0.002682721402502,10.229983431791,43.9203715868386,2.66601277849298,0,1.51424077105709,44.496679866684,0.397668201017143,0.002323139812809,0,0.005641910973964,0,0.000663754232231,0.004024082103753,0.133807846195367,0,,,,,
A03,10.5233113991983,0.001889264551882,0.409470914937153,0.412195132407508,189.475582747011,0.009309132403424,0.067506100175443,0.000555270680635,0.003937591717996,0.040195852239227,23.32284865628,0.145953135633615,0.020616172589966,0.033976585886456,0.071203693777697,0.297260243590537,0.019625915083465,0.059389506132502,0.00177077099339,0.019078491121263,0.945148383412897,0.179765197988401,0.066394934502294,0.001076674613551,0.068135429019834,0.303281575275559,33.3311201396323,0.626946518302875,12.5513656871113,0,0.287927890917057,531.07127449256,0.040910185913267,0.073212051662433,0.009732554486871,0.956124824600567,0,0.005986552594545,0.011028531858608,2.29537667673716,6.10096965556729,1.97383289438641,0.105723395715985,0.005688428270648,6.98120888412828,1.49008450808287,0.106330742855023,1.21370867356751,3.42952409519554,6.39989993970534,16.7134259731431,5.10341834687002,1.35391417963638,20.0376116925437,0.001028294164104,0.049933814997939,0.173211603569527,0,,,,,
B05-09,635.676287462602,31.5002268021056,0,3339.93718661392,9.57023120426081,0.782615036087923,12.3034289068932,583.09947347993,0.069263441839835,69.6251143277464,604.907413700267,68.0945051543107,1182.76256915537,9647.22493463165,344.009012745928,5.17015699787832,4.59486767009474,12.3157287763728,5.81054027142211,0.888844312678347,24.6702991876789,143.745990522716,63.6328856114083,153.017908522537,317.898895575428,6396.30325277692,271.535933671436,412.226315329334,0,0,1008.17018563142,6.8007864569322,0.134011064899781,0.031894513384305,4.6418974702307,23.6634346798815,0,0.016463019634999,0.030328462611171,248.302235019328,83.6381564886075,277.259169020429,0.893337377651926,28.071894725721,46.9127045556214,26.5154342718643,0.968716560127865,73.3527508103772,51.1546341756714,2.51099282146231,0.00049143342194,0.589988081048868,21.7310772161368,43.8552561787957,18.0697932248037,0.001138161233298,3.30934668989608,0,,,,,
C10-12,5506.58914613847,15.2462631142812,4.95141771411868,22.1042481291251,14732.7503219179,86.489527070459,1.71289163187311,280.844693616277,0.720210495221615,81.3093657956159,594.837004503867,4.31763478458221,2.13280200815439,0.839890468656353,2.64605715186072,6.78707502730131,0.271368066896174,1.69557713760672,0.066847556470835,0.535390343654494,15.5340866666554,5.07999448760551,35.9360291811787,1.02442576801908,41.9681826760584,64.4267434516265,1384.19725780886,142.274143509767,160.657480795025,24.2009495880464,17.953259887595,10258.979936396,6.04397878594392,4.21792317225231,1.39518805390384,75.3820945345639,110.899931459904,33.2718245722973,2.52829092858579,179.653470578966,394.531416815816,196.282762118726,23.3909166154662,118.657469957369,251.837866853743,33.4262692024466,10.2960021057499,114.414399758015,783.146051024153,1516.2543926228,1504.00454284558,1865.63377459161,228.951945613334,528.597862548555,25.9404566796324,1.72437432827646,27.4365713435108,0,,,,,
C13-15,10.4540243155338,3.89642138299356,18.9292929292929,6.95554973568926,13.8651351336201,457.124282644424,1.22296473379694,192.733931812454,3.74600607731762,0.11135845299695,2.51135540474044,24.3970704364957,21.9825198650478,1.90681027792689,22.3295711703302,3.34482830617876,1.3004976197013,15.3879417902864,143.345180986436,0.055741511610105,79.8645705970236,5.13655799064749,1.66541611006721,0.009426943960205,1.44405522825745,64.5244985157745,93.5119821447042,3.09591266540199,1.67351542494818,0,12.8697226435878,5.75416540468887,2.42910704715791,9.91117908986501,1.98934972432259,18.5122396297648,0,0.08830165076954,0.162670844914462,12.6196647730693,15.7288793848943,36.8798231865838,0.129881272911455,0.113922387580385,32.1087744031117,1.22690866630556,0.049685585633739,3.29419867619575,50.6382199503068,10.7286687937633,135.437878935282,43.5896623811556,8.58471390372531,11.0699019097311,0.953416191371501,0.115008675722034,107.487634679927,0,,,,,
C16,168.187752059622,468.459259466439,170.365624086524,217.739436214514,107.203473706086,19.2335870659074,10563.9209148334,4087.3820078174,5.41812758021815,15.3628440566556,239.578629924027,238.703011593325,226.325115626784,238.686406396442,549.096549730095,28.4655860198201,206.363178467336,271.396109845643,54.6023570519809,123.393479858202,1222.27981858153,158.037858431063,3112.19673937987,104.39390355298,134.751051312784,24299.3708434025,885.746406864271,113.704098572741,35.0625048022112,0,257.814320016831,27.416326104725,30.3864889230865,92.1076386881524,46.8244152806618,139.232336140666,0,0.124220966336811,0.228842036066107,976.902338181161,411.69032418778,952.172427059838,45.6807543952236,59.5879644664475,214.304118018484,61.0222031170475,1.38055554814058,138.554712531304,71.3509723568732,99.5748522016346,24.1328740111534,19.434306454217,164.90791963194,121.183693792468,58.9809883441532,6.20415554553185,159.373575699708,0,,,,,
C17,22.9968167750102,328.629153784057,32.5468015747251,13.9591764721712,2479.31981652327,56.6324035993889,70.3315334481344,8597.16873985673,1969.55090131173,6.31213761884482,235.62735867755,367.796704910168,75.3343358562944,95.1989703558021,229.334419247979,57.6998367884581,224.282905236503,189.182106476902,48.3963253541775,9.87564662774998,294.724271423789,39.5876145135788,123.417250920605,4.57166313598549,91.1778999732547,129.201785917532,1112.70543817217,127.469008112157,12.2007813251351,0,211.539494096905,78.4581656999185,326.417638440451,6.07280235872777,32.3145961382537,397.746130404478,4.95088979731715,8.14696523459263,2.17210812446742,134.357026043013,319.787630635895,738.892842035687,175.888326976643,67.3958563587435,634.412971002425,34.2858741067738,3.81550444673819,70.9942206441185,102.532877493407,382.288128295613,779.117764019027,298.805484303658,33.8697100049607,48.4691212422404,23.8408472349594,10.9380286915359,48.2571921795937,0,,,,,
C18,8.61542616977589,9.89191392341099,0.011926337328267,2.7197995184621,94.9324429082265,9.86426952332786,58.4270706544178,134.645889776654,1921.02119756577,0.483941803412174,54.3381854201053,42.794051494458,0.881076885603209,110.290210939917,27.8066447612459,60.0130601468032,18.0057815520204,4.48662824279837,1.13629988878951,18.1270306382954,16.4394442108774,30.8540217959065,48.0331642306955,4.21186413169938,39.405615918562,225.483861488395,894.514382398332,139.438083684582,19.7091619673789,0,774.186609143223,57.7613576675819,3947.73730039149,150.61168556232,537.611877479734,1764.34089822276,330.719438460785,28.9267445638882,14.0384896272242,502.268335711737,381.458462567956,1346.27971082657,642.852740784037,246.261706727672,1106.45055605729,83.0684220073184,146.873215487804,216.42056364359,328.129688145964,537.158440144574,276.024509682166,88.2105754883811,334.166648065861,137.894025959181,109.458032472199,25.0643027217563,1.44321440968614,0,,,,,
C19,381.990843728806,184.346238802705,47.8352856710616,221.188761599101,119.115044270835,9.75624459458158,116.140077012456,242.919122397475,2.88053882467799,4229.65257367714,878.074295192539,28.9825942794032,597.732608038367,386.428839145682,107.667904843253,19.7807838647149,33.1053547259256,151.954315490675,112.233065823535,12.6568755297811,32.1084183058328,74.9100532490435,693.60921669864,39.135302998559,277.950303071218,1427.12954126087,691.588409255694,3070.13060150586,539.272124898723,85.6341293115487,618.149322897282,61.0179430940246,25.1031605474172,13.8211547650626,51.9493711401561,73.2913829882631,15.8428473514149,2.04008752805022,3.27608355097137,300.660857759175,164.161080497076,151.574770383369,16.1075448352576,25.3895228761342,107.746394294002,58.5321587050773,11.6549764412162,84.8849993489152,160.343721223618,53.70275552361,83.743459211802,96.6432765423479,26.8052075546141,35.5103196506375,47.5624721611139,1.98477535144871,27.590885709239,0,,,,,
C20-C21,375.390945844621,40.4897298049001,9.98663842691597,69.2219249923534,393.449454321042,145.779270801697,154.880566793878,888.688579200486,196.871902724222,122.373521045015,3088.86558349094,824.312240157286,100.439033003361,227.909437726071,300.116674564545,107.011842966547,234.546863916881,133.734311377071,760.976237142125,13.3896384917981,221.647223287245,60.7933573672814,462.110405496325,230.810765699616,40.7709981635551,842.90624733671,875.153601064721,254.971473730611,8.52838830990555,0.930805753386399,71.2600149458079,25.4946894580681,35.2220345320113,6.95825199272571,14.4258882353818,73.8436989202979,0,0.070341992985905,0.129585249338639,201.80704516866,141.440146207426,496.272078503452,6.28778657865016,20.1790472183981,491.890383996905,16.9129699173299,0.682047184842708,45.4193464749844,42.6830524817476,73.7532626018934,587.496301364728,22.0388248846249,22.3384888279155,37.7677500709814,41.8581642935416,6.73540788997291,69.9757280062207,0,,,,,
C22,8.68387437916645,2.7250006753232,6.36726513741237,75.6978731158128,900.417826118373,111.252008052151,171.247122512761,112.890737210739,73.7855502238866,53.4634652969772,711.488402017482,558.708096103168,291.740281138743,36.6729635973944,234.991589559956,114.029304737471,156.072348179274,496.537583632066,804.115577374873,27.9590661414606,334.533456105204,83.2185715379717,31.0106531822037,54.0227596163634,217.610452372032,1993.9613363624,792.170014819565,69.6757895444214,4.23614569242405,0,69.4575939361097,279.124973020904,11.9722222578702,13.9593920658695,37.1329175965106,168.350748649991,39.6071183785372,0.26490495230862,2.34305036827584,195.482961464928,214.047145209467,499.458423262025,54.0081438539917,65.9873034882738,180.239418763249,36.6527214161662,1.12878540526109,107.627140197271,153.051191405361,113.34123801848,579.617271395793,35.3511800585258,26.4834829456372,33.5768369352744,24.7477201302068,29.9114254880763,38.7895748985612,0,,,,,
C23,244.445961845646,3.66531863041175,0.063607132417422,617.271405212007,303.432196980306,21.1056376103671,589.865293186796,123.28491773787,0.069595614964317,16.3077617487309,118.347375881352,54.4115358945113,2368.55782357788,301.512051238036,447.755718318139,30.1079076080462,39.345845550404,200.100562872245,229.791224473825,42.3420189418083,91.0514527735533,58.0342448944793,154.343756139124,122.060774988831,105.050352641939,19195.2042131147,363.233473108435,189.311213059137,0.003739795003829,0,126.732447581522,67.9494103390556,10.6621460939423,2.40536241038005,3.08958472870477,47.0905446311821,0,0.013469743337727,0.024814196681867,749.238251894727,76.9410921282953,596.062055698207,0.524854318586682,7.71946357164295,131.916933639676,10.6779765509835,0.015513021646229,117.652639203439,12.3953037089355,9.33442052825601,196.887722401636,5.47088423914707,17.5944574259524,7.9155084634464,0.001580734759555,17.2606389470165,141.345943227894,0,,,,,
C24,133.039373984337,0.308853457069496,0,96.4738740456272,3.38707918864104,50.5866350625857,190.691401820974,34.2446399291653,10.4576716740261,18.1514461894464,408.917795129926,291.771314444212,287.443456126535,7875.14300442989,4326.22069958438,301.40372703964,1892.61329075379,3597.13972377174,5901.48307682141,92.2927179769033,780.661071069586,753.820667184066,132.663974258903,102.15546187995,189.609671288661,2942.32188113149,2344.14654655236,24.683188597282,2.51027313742227,0,104.601189145265,6.06565307119451,43.686115968089,1.30120937637548,40.3588167534071,288.393349015923,0,0.044899144459088,0.082713988939557,214.8031326407,409.610457949366,1849.78778927915,1.26501185860049,10.5588323243963,337.701135704835,17.3441647417392,0.030382911502225,50.6972033250861,29.3690378000903,26.7197167611245,0.202832906568613,0.48921731817037,5.02034100677702,3.60440748042273,1.9065234698052,36.3793260719928,10.6340234560032,0,,,,,
C25,14.3417529001866,12.6196790106136,5.1503493216135,538.207049530591,556.116644868205,60.4351776689445,496.781119864731,56.2108773098663,2.91137950789431,12.7952554091925,284.638417417128,260.459985451387,373.277569985351,2292.93933947895,13547.5453035642,711.538222120463,3097.1119580304,8958.90309083858,5069.90756951671,1190.29289001848,821.97217035279,1865.599497666,227.416431733131,1366.21438117836,716.468913252088,10493.7345454566,3201.07973210662,291.016249430482,100.258550270117,0,421.05555134508,37.0149290600481,34.7879103654024,87.0241778729159,660.67035133379,471.544119354141,4.95088979731715,2.58619072084348,4.76432576291848,1127.36573912834,1073.87387265086,3823.3029875768,44.6575648645153,94.2623086884821,535.892800606754,102.05905666056,2.29586797906144,247.028478399314,1464.20606544549,194.068341169385,32.8850962144004,10.2042267782359,31.5243399111601,74.5077308018474,130.343407035059,32.4928688462143,126.686698371364,0,,,,,
C26,0.955068384136341,0.020781242022172,0,1.19034205086345,0.702847366407779,1.28292306739267,1.85404440743504,2.93659836139849,14.265839484812,0.067361537300523,43.3871163809474,17.948662762325,8.88297817554697,2.25875269181386,70.8428429435472,1348.41405940433,494.922662751613,262.54556422881,306.49091722197,358.816000569248,180.005740618988,153.106468584291,21.2958099713968,15.7281620066386,4.15133327854787,115.429087600503,431.03098294268,5.10812160126931,0,0,1.8787464080707,2.5088160923922,29.4353134775354,4.08842565600087,69.1750914015617,116.09393906269,2.97053387839029,0.95494000455943,0.126828116373987,19.5576863272987,45.1191398282006,610.419954876671,3.24458879800353,29.3104671833082,56.7863334507502,8.5226594469873,4.77623655553742,83.4567382651603,39.7713717384853,31.8772723965411,311.106565316227,25.1518755800749,6.60724536464841,3.61093074380954,6.66303960420197,70.8364886542552,3.30770213602668,0,,,,,
C27,0.952049040097643,9.06180778035843,0.996278575225944,16.3574648129864,1.09393433216579,5.48954564889816,49.0659729658724,9.1163967658052,0.155074382924481,0.335548580364592,13.9425108902613,20.5463470675974,4.81513517942617,112.775615105653,144.022749298563,459.520911474084,835.065701555585,771.651583684381,499.133552596864,288.687822669955,186.810760338158,339.384361801123,78.9008301054075,17.5788752425761,5.83169656968826,758.822056356743,359.369310583281,7.64429165232481,3.36199002991167,0,54.3012478016182,26.8809164664878,10.1274070496929,0.098178648657266,36.6355568619058,93.1792700224802,3.96071183785372,0.948953451964885,0.11579958451538,66.6865645669212,58.1034640881459,540.701365140882,8.84628311365431,3.07356940786623,68.9327585362645,4.3639694537357,0.047059466055412,11.9014676248953,37.4893806437353,17.2702819615154,38.0285383595247,3.41991842737272,10.3302856873105,3.62472217222651,0.95433930363286,41.6624499109826,6.82536532382085,0,,,,,
C28,224.21536911576,86.274419331864,0.003975445776089,59.6472956069394,44.988228514772,1.26437721058517,72.9640426255506,198.90765261505,5.74889854146203,23.9703794406293,22.3718952086585,47.6281320378094,17.8544897092444,45.1306672036124,81.8664523649009,61.0717857165084,94.157756694225,2115.36672583912,941.564758595597,40.1946182255127,19.9108516083475,310.04862981582,191.392507171831,35.1143349899841,28.4187577093975,335.364288303853,553.152640940196,38.5698014568407,5.10656155993261,0,108.314985689318,2.62781279550357,24.8215779496132,0.147423398744422,63.6661606301095,28.8316825369603,3.96071183785372,0.086805012620904,0.15991371194981,38.4706071249618,97.0671911806285,323.557369160685,2.89705892207677,8.5301695257616,437.653065544374,5.27835527248596,0.142861464611594,12.3273230272175,52.5862399947279,44.9938975402948,11.9821120138541,9.71349383489359,4.95621148090323,9.92448688534471,24.7349629384936,8.50454409499713,8.79268283123599,0,,,,,
C29,0,0,0,7.85486217513473,1.17946569497537,1.5984291701284,0.326846300069977,0.055023584914849,0.024280747800899,0.186636456496429,1.59524771988999,18.0394350258239,2.35089484469468,21.6636356928509,214.559649188951,256.024124551232,71.2374534985133,4068.79049189726,18018.7921747978,42.0376937629668,3.50481107218211,192.85184621225,0.899001990142248,0.462195700820506,55.2512270452929,13.0241691711096,6225.35131144882,230.600900386778,0,0,35.0539553602367,3.20716303083945,0.123558198679923,1.10916258268586,2.98146902647338,89.2712708888615,0,0,0,172.615956748023,387.552344332669,2232.93203916355,0.365464404863058,0.061620143482548,1001.90205715634,4.07724253861479,0.204381660705031,34.2408923758866,0.111796765341865,5.02513490837666,41.4922064669736,0.203742054919784,0.135686092027014,8.17916184421555,0,0.756896275833524,0.134989843538744,0,,,,,
C30,0,0.151897603145174,28.8920786815524,0.248529964795621,0.382226918831231,0.131545706412312,0.708522436226708,0.076950612777275,0.010010338757194,0.004097769919263,1.40290326235594,0.898801089570392,0.138504121584576,1.05527152928018,10.9455309054885,16.0207412481537,0.656974648883118,28.0504764015438,19.8112066101155,883.848310050522,3.81115105773826,420.712475743489,1.19295552772586,0,0.5300475484539,13.665615831151,67.178419276565,968.816911162718,824.213826376985,0,21.1797170655111,46.131490322708,0.826436412159976,0.072450950296066,0.017427537451293,27.3909188385388,0,0.523823352022695,0.964996537628164,54.4067533431279,43.7235631309659,426.219409915148,0.722658492643713,0.145709525271509,42.814882358799,44.4823398140062,6.70696533834921,7.85916514423688,295.862317909214,3.20753169673086,421.013041695636,42.1444514688026,2.94253545001936,9.38300735983084,0.004467576563093,0.052025378317624,2.64593096128072,0,,,,,
C31-32,0.009545345368024,0.057530333451228,0,11.2927134377523,3.8139456659254,6.3538227927933,13.0235598768693,0.06477644062358,0.065757574410788,0.062540676905836,28.0516866254168,5.56906200922671,2.43387817482271,5.50589499430616,14.4831252916081,36.6949438712542,3.12382706970461,10.1683332677904,15.089634482379,1.33545424880222,505.788214949472,29.0192973410073,0.087050912479025,0.000115357994309,0.205626184711393,1344.2056336135,93.546079468437,0.875290641432947,1.67351542494818,0,4.42970276144546,49.4547911795861,9.29809547088411,9.99493860200742,0.141273486015036,14.4519936315809,2.97053387839029,0.148167176714991,0.272956163500538,49.5086620456125,39.9004167004493,89.7178913142403,5.14218403233494,39.2693909780532,23.0553706764966,1.43575755987062,1.20781595438775,3.54306144778519,90.2003432252846,78.5108919415979,2345.78255602467,100.116164694359,39.6595775123479,24.4815661376605,24.7410239546721,6.67765183874645,11.2863655379083,0,,,,,
C33,1460.32446362763,661.999954947822,76.8128364367999,1376.4026871343,591.104163694705,108.988913725738,568.363440592255,366.689667150994,173.810497980527,114.502182196335,407.966656524205,112.382162775871,570.01595170758,704.917054622194,1288.27859039769,240.426428425647,396.994971753049,1622.27231737533,145.678777284454,827.349768284662,161.217764486232,2113.67848201701,1557.1147751128,366.186429301289,337.295470013075,4009.53473034345,1837.080046866,4749.64034034481,1995.958848261,13.962086300796,1017.66340217201,445.771114577738,56.8557707112135,12.2405604900321,454.501581855994,456.939942120409,30.6955167433663,9.00304225561257,1.89415034671585,282.650686087114,447.264740507778,1058.22641334975,30.4919237245079,45.3607636070225,1564.07580080053,133.965482391614,37.2916718267183,102.304287737629,606.980406119948,241.188586970571,328.149345863961,38.1124379952351,103.709547938217,116.755169968965,53.3054570021017,35.2184905061694,123.433246644803,0,,,,,
D35,821.150886286586,303.826580696646,0.387605963168664,770.119402040221,1621.99156217623,141.717187534415,1921.42014832665,4535.13879451878,102.291682732148,294.801013148731,3401.18269917563,408.344419205664,459.210611531709,1990.09042604881,1086.06373085383,239.611615468809,198.599183183379,554.786975680913,599.069262631083,106.120728103242,238.366860873894,214.996552327834,5682.56516983857,440.729661295491,375.558815466732,1035.00625552627,2941.92862702674,1021.94888451326,5.96575804242967,50.2635106828655,1012.29251567698,1013.56754798829,119.98264774107,176.752701275454,242.605778806412,391.257767277127,34.65622858122,203.469176304182,8.69936409244166,4677.2313298511,698.521083949207,733.037344890086,88.5180972336785,31.2921377628213,508.188348129473,91.9204449482441,69.4894748542367,278.274455500795,1856.23903697429,1517.90921060113,1576.30756803936,1110.14301240926,386.448621797102,611.976298155016,668.853090517529,12.7516332794811,41.3604724633125,0,,,,,
E36,0.047388152128677,4.94647948369886,0.067582578193511,25.6653973021476,612.228834160774,13.0391899309819,48.7933323548082,130.218564741559,9.4136036100078,20.6908701895195,248.488973558795,17.5712664920627,59.3521802727707,116.215346298116,134.598370268066,22.5172331585577,23.0078448875149,96.1715071212273,197.925429990361,15.9451219727733,86.1646433919416,19.2309452561682,687.508376926318,18.9050261836152,279.801771951816,292.715026277799,432.31666800834,50.3303835957805,0.082275490084247,4.65402876693199,403.231448937966,523.932181976124,12.8171469231308,104.857959669828,15.795477792833,91.348978460494,0,95.1368131327959,2.23052056840338,7323.23382590528,151.06053767917,172.261370790766,8.18838782174712,22.6747891969701,90.258086217418,28.4180370724296,17.3939464889614,327.974032191457,696.40735385564,233.848889320528,1107.11594494257,221.573984441198,211.355157867862,215.581317781798,208.323660267064,1.75859632307983,33.6078920016287,0,,,,,
E37-39,127.401617853101,135.049464221374,3.0544305809833,1606.32023703714,277.527265462694,64.0971438356823,556.707149601277,2207.19122866951,57.5482298548112,200.25084411353,389.448651547164,381.060772410528,198.233029459195,8405.69089228638,546.502287753544,48.7501490125506,45.6161280095006,211.787876247614,142.892764254916,20.5792610037069,63.6577471155887,108.757237353631,710.478959138081,668.255274796016,2607.03392705458,1391.3760255228,1231.07551774015,340.345387194346,206.515560369315,0,328.779829434581,182.077661285255,147.183873303213,40.7137555766186,204.227469617526,417.607906311484,155.457939635758,45.0365885407912,21.7536541885718,7618.15750137241,316.590489893647,573.133629592867,69.2654977919428,72.0348563731447,345.506991634511,72.5332890764739,47.4931030417592,425.983460716817,418.785966791638,480.860285464314,620.632119602589,660.779670749756,146.57680083541,170.913324429985,145.593329105881,24.4996192452151,29.6163268881216,0,,,,,
F41-43,1393.06499234151,316.689058621792,5.10065624941239,1050.30436941537,516.41293119863,38.9567815053977,2792.99082205581,745.37265445026,37.4438903229527,154.162236764807,828.621078379312,174.078771665441,259.757745840168,455.724798542101,510.855077927849,92.6073409525964,297.655724366438,680.184048442166,904.912353352598,330.544291775061,183.999268824847,198.858391675672,5231.36871926743,678.673142883713,652.432864066324,5299.57766098922,4579.15533446548,1330.49399683403,90.0716057152789,19.5469208211144,2615.66111656461,1528.57595735815,98.9059811926623,225.339480181448,615.932351932048,733.928808220978,748.574537354352,998.907862644835,15.4284034185137,43857.3025639221,1272.38006887632,1865.1691467671,73.9742840479387,99.3525482975498,611.038820447997,134.575140200467,41.8110912193102,1628.33344106103,4251.31450830765,2142.16050379603,742.798194335146,984.694859900291,384.757159369769,960.020874411295,1500.19191938967,18.2185779203209,169.034269149629,0,,,,,
G45-47,4484.97014172729,492.65769856964,74.2668335068403,1936.58800730081,5579.55712184728,326.12988147707,1583.02780290503,2265.90066853032,422.98618748858,420.19929424666,3588.52303405322,1667.93076591263,2024.35859664103,8080.2191629772,3906.65995167963,1470.44796865676,2302.41942661915,7065.51387270699,7530.73311732426,1138.76711680914,1245.17551450686,1590.58920408531,1155.23053320214,467.098299308763,2536.37105500179,16439.3593328936,10304.9721851919,13525.6300078155,585.247094486515,738.128962435414,3269.12889931201,6704.39678317942,279.091531294314,186.452162070158,1233.7180303637,1657.90841592844,177.241854743954,20.6119012594599,47.0623750092231,3153.14767099968,2227.16872313441,5321.6433193429,549.830877541453,451.906501487397,2813.65896329244,335.3150709488,52.2966989721543,1068.99307183166,1707.86008548452,1975.26666621018,7108.17154451127,1391.61880991578,1881.68819670976,643.008668331316,1017.00351712489,101.423066149814,712.727754943525,0,,,,,
H49,538.833489487658,204.552870103321,61.8244984965581,1483.83830083796,2703.37951011687,171.23182579854,3035.74833296738,5291.21293812886,104.910046200618,123.063244168084,958.970986345794,618.596471357296,1995.15189650462,706.240916991328,996.656417423632,98.6949873484823,238.434111399679,1078.68144086731,1847.87178313764,194.241896185024,389.244118897676,321.38035557903,507.640013554271,245.136774666729,1227.55469357959,10928.1431924315,7480.16531208854,22957.881874706,233.889833906248,0,53273.3194825663,386.594667712961,290.124483542027,138.837114847661,193.881506977217,1524.7226641242,219.819507000881,24.5094864614267,30.0901989703226,1251.32749634346,2425.94627595517,2237.02214673832,360.423388252301,162.252757899694,1628.24974993749,345.040385975759,1103.16437380087,388.284198630165,1956.34073308772,5730.62167988667,276.653731792047,629.697043830768,392.690809471859,576.06501065796,1360.01279919261,54.6686749322162,29.4674981357921,0,,,,,
H50,0.013323857094241,7.61307013887773,0.007950891552178,52.1386146126149,89.9409398480614,5.92942887192386,127.912031307537,168.320565044543,9.15259016427984,65.3202691476641,39.0209410417355,11.8109956187749,94.4175588094973,101.916839244484,121.907086395811,4.42406969967608,19.0027271774356,68.2235827450104,77.9369402543186,3.18086704522165,19.4278251991887,9.03907198101461,3.68597751401109,0.155564887532852,13.0995495408603,94.3096881284797,166.872288889891,71.7396819782871,235.780769261331,0,1987.35036759727,12.7995100925472,23.2313128070294,4.35641445998985,19.0405690314943,51.5887305153127,3.96071183785372,0.016463019634999,0.030328462611171,9.43319055536048,98.3269799952478,56.5922032373042,6.45406110638293,1.38121199433332,48.7639914822052,20.5543892903214,37.6016453609661,5.7941500811797,9.37365252726814,9.72845968048892,2.24811987916858,0.09978267461549,5.10871572461478,10.1871008354461,0.001606263768487,0.59005652358565,0.085465667293171,0,,,,,
H51,26.6255909392763,17.9993094333391,0.005963168664133,20.1623570032805,33.7148859807741,10.5938917447525,19.8976929796483,38.6767214074222,6.77184618915809,0.228445628636583,13.2773025639397,23.5556608115065,16.0700414449677,18.4910768563095,106.213045968471,6.19942045643905,13.7319778759579,70.0648250092345,80.2156854143289,6.30688945155902,25.2179296039683,14.8148818298784,16.7301646553285,0.726642147925827,28.7639706756856,134.016197634684,353.101492964419,88.3715729826816,63.1056714178275,159.167783829074,1522.89581793892,29.907973143727,21.9719547511173,33.8691509122503,47.0866192615962,156.57915047802,25.7446269460492,4.92436383766078,7.40248629569873,122.658239089927,452.171931442805,268.496552831237,37.381761816977,45.1195781226783,73.7823077785176,63.0966146276815,2505.53581240301,93.9457263835117,288.20480173086,200.674626592413,102.771632441956,101.169882400997,60.9355507579235,48.6334940220888,105.59899467706,4.48721004795779,13.1342011982185,0,,,,,
H52-53,331.403926656425,487.145195935434,76.2792678861726,1576.63975145963,6902.14854671213,414.91641894865,5097.81454525849,9947.65442113225,298.013739517946,375.484117980798,2144.82882586497,1316.2487292747,2865.33461051152,1802.22357679264,2669.17501119703,265.888898286421,610.634269496746,2403.43833005543,4272.5690012459,372.560608594119,966.888734954333,680.956997285272,863.693229244646,403.41405026804,1679.27776887687,1294.53856345048,27212.1244249403,11217.7424532243,5821.60075026223,3900.07610668901,14788.2883942309,1172.20524869235,5231.73708167527,293.851449266244,651.903804058128,2306.39534174278,812.936104719475,142.458683260825,29.8265395090725,1882.30170394167,2840.27302487126,2785.76260638814,447.1803221375,379.061123148418,2873.84306499226,769.123042379504,151.105178226153,775.259066793205,3166.40755170138,1015.30414757002,261.446782402915,366.280903462099,208.96479618959,226.627855227998,565.115360397684,141.959307759085,52.6666432531338,0,,,,,
I55-56,77.2586779829374,58.388745469688,3.07430780986374,147.87321731734,726.346772426057,71.4815723397532,84.9550577144018,430.978827327513,124.195875594045,25.0934116552823,402.932075925392,461.055944217456,178.904939259324,228.357471386138,773.014361820914,175.381729884357,286.049134646612,1089.40264317893,791.922118475987,74.8583235645392,270.975720312961,234.826244435198,598.251383058744,232.293122140377,1024.7623607456,1255.20565421271,3331.26320692039,1115.8293625979,255.100821191249,362.083438067309,968.276353238916,1306.5028587062,321.32091487456,106.445819655846,3294.28802561589,4147.26160177628,1550.61868451973,156.290559109774,115.671716171956,2719.16016816103,4520.3934332357,7122.39770421389,1899.97520717526,2234.32250140642,1665.47280702472,843.09863165904,2187.54186407005,2064.40669308252,2210.9742709626,2161.86597578638,1479.86044610677,1465.66947893379,1249.22322519323,672.474804852107,799.253125952457,69.5895308745306,578.527075961396,0,,,,,
J58,94.5130121006746,66.2417295434286,9.05396698410745,138.209746806559,624.268336308082,35.0111436797517,294.739719112938,588.850528009769,236.042030196473,502.457320585047,410.104589133128,233.326937641213,205.213166366932,774.511984247548,747.35633376967,169.521977456565,209.277303532999,786.508232607313,788.823900128969,103.05250075139,194.726070839562,193.175624686967,406.915705559128,89.1916092236252,235.092458304312,818.971940170873,3072.39190474222,685.584591536045,9.79243902119989,4.65402876693199,1204.87795547201,484.924449157426,3276.31661326696,184.93174564024,2039.27432926923,8308.55790909986,882.248561881915,184.520040027857,34.264082564414,929.95110706248,1952.28907788648,3826.97580340605,1500.22208480992,536.323371467299,1686.87084760239,231.047280793639,213.159860735149,625.449471556289,1142.56323043967,3465.92891829273,720.958754349903,361.192753773101,603.403495717634,299.947951183653,520.808637776031,82.7022845203505,69.7085504338972,0,,,,,
J59-60,0.017360312715567,0.051597093972895,0,0.006155477557928,6.48926396031263,0.385528377610143,1.43895253349649,4.13619417397417,156.960925742533,0,2.65301082746687,0.449950647427382,0.366250914696702,0.224674930864363,5.25105933242427,0.143722203442555,0.460946247147475,2.09146677775119,0.055953410360946,0.002148740471926,0.418720787336513,11.1088854639983,0,0,0.061376133155001,7.32762079224991,1572.34122449465,17.6029852925406,0,0,9.17195185508522,495.405431527163,1024.43332451243,13369.744510905,1428.42359117434,906.852656801022,0,0.16463019634999,0.303284626111708,128.694474797216,1378.94955105651,78.4205291263451,10745.1772846329,10.8978873129549,615.778335810804,55.2949650974372,0.287199808849028,17.431461002269,93.3811406487615,170.644853072488,5.95669849515686,51.318248743653,254.067824033893,377.824808302611,17.1446163283952,4.80102091774022,0.383744546371754,0,,,,,
J61,75.2145424270192,30.716502375248,0.085472084185911,99.9929878662128,503.099433160949,40.4012321921561,122.953707156238,206.860654526818,83.8375100116881,34.9318284674574,361.796435293298,379.878105270682,125.742234862417,189.284578518491,566.499530815167,224.182830986346,213.98530995154,1314.56703610442,680.714622354639,51.8699579837403,185.783081962366,222.631991814243,364.147262132002,57.776030938391,109.775699739515,773.246611232236,4189.31106973554,1433.30048244845,313.962781648114,291.342200809943,2456.78186464003,697.781236788749,919.172477413639,374.503851729999,11009.9314867037,4188.7546891243,1454.57142245178,154.895183160868,620.973062842808,2786.1615487919,3478.94610605383,2070.81961130873,596.558307850978,349.512415343666,1112.34818036494,288.787818883317,134.014039288606,787.129297546045,4454.28914529683,1047.69312888786,1430.8672938083,1438.99077878628,323.579275830534,330.016742676248,389.203782506175,120.784368394956,277.041158655452,0,,,,,
J62-63,7.95954468962195,121.439127918929,0.089447529962,165.736807454152,535.5695355531,72.7767093297411,138.707951930571,636.59919738095,230.933799881131,274.362518950526,1414.5847070986,523.179519242098,230.655939804483,1381.14823833366,1262.70937826145,442.381882840656,356.824968015531,1986.73454347491,4485.86071614458,192.449742786562,250.947008079154,477.61161773169,2289.40690198878,199.044437470186,1739.43343983099,3930.21992323088,9280.11750080461,1716.30910394474,1116.80053953293,304.373481357352,3492.3514799515,889.371590079523,8310.80415788672,433.02816145816,3056.26002711025,21896.6114803151,1016.91276436894,105.68712463691,98.1314738050503,1269.96883313398,5989.95998284167,7408.84884323762,2179.39706609957,1877.66089214444,5982.10587842788,1248.60029131725,649.984315795562,2281.24707025486,3683.71657794668,2074.53590822129,1865.72572471792,1057.46279820134,570.688414156772,327.87971894564,182.031366430683,426.240783834632,141.819044087507,0,,,,,
K64,2328.61506783083,1112.57393231801,71.8036154402376,189.316350330417,451.878042177888,58.5283546559797,394.663517659115,375.663786305827,62.2140628536271,129.639469213776,284.977438065174,126.611959923112,111.970335869968,333.623676797747,456.134370262316,107.511112495999,135.71850138051,532.414175200585,721.387377861796,79.1804474023528,182.480748362656,192.683657860022,663.838607242092,133.384942653123,330.855809247802,3026.28645555591,3726.72983186692,1409.05240986312,79.161053666465,143.344086021505,1432.99449178325,1926.67010709264,215.508403850423,250.931464310689,532.89556191594,976.456358862853,3828.02799128562,2989.53766506778,73.5246996497421,18793.4352019977,1921.2478123129,1780.67160773745,423.214018647401,572.077845147887,600.913588338083,233.839898716504,236.111550749543,1269.45642006124,2952.14633183865,443.301543167914,435.455180732662,539.155929693066,451.580255441688,265.22538697115,219.799978898095,53.006771045629,960.570738298665,0,,,,,
K65,170.064733631296,30.6036904007923,2.99479889434196,14.1853832710862,55.4433800710412,4.93128290287237,42.5742236956557,98.4268639516716,10.1624854243451,27.6997698132362,17.9153374655365,9.03448470236649,19.7728894164637,87.5483349582716,67.1134089287566,3.29213674055356,4.15771466579336,44.1146798473331,85.1330902115054,6.24124938654516,5.11202255665248,10.5834324804096,383.554575625071,506.416848637478,169.194624480444,119.069186709781,263.496513160226,828.386516873447,314.251616553262,53.0559279430247,470.735721378588,391.221560552,48.8416702521611,26.6518463801901,189.516253055122,227.262839621806,17.8232032703417,2949.00672114595,3.64165999462689,798.919936121008,420.98996319387,167.581792708973,14.7217658569479,17.9156856916527,288.714790593211,28.1534232847274,37.6458359521417,47.672661569139,551.553288516691,50.1143455748838,112.744276003714,149.304355532733,62.001426909501,64.5530769830942,32.3502802476363,2.95940950401891,108.871006706013,0,,,,,
K66,100.714858118435,36.799051743714,0.013914060216311,38.7174726708758,130.060951531848,7.89616258333577,340.74742832017,672.10389453319,1.88470253876011,72.8728250656959,150.532961391697,93.0404135535997,35.3702854032062,385.359979092421,460.058250035219,79.3982829874454,126.797954904549,601.584248750126,1068.02444783548,62.6769204456876,167.579674167736,122.755265780463,255.494502118705,111.219379123342,32.1425582493906,94.9006683903346,461.905903337662,54.1741452642237,96.4851827897844,0,120.815567620555,15.2835912562626,32.095958826579,0.073393079303573,469.292818968652,352.916721584188,1391.20003304612,2310.9348464754,99.2445240939865,533.07540723072,123.734133798123,391.842101616795,31.2464935666017,2.17520498173102,98.0556753869833,10.4193422719683,155.642001021852,16.5037968731204,1.11486623785978,1.59886405366013,0.078493400824294,0.20416350993396,0.146721334700807,0.125009161942615,0,13.3896775305702,0.478308284259738,0,,,,,
L68,3.43388312872849,21.1671258596196,0.155042385267466,175.217552585014,1847.10039379108,83.5728437684272,247.029335291695,434.079814004986,1101.62621129225,69.9985265769576,884.245030817357,858.783970085325,422.857645678528,329.913971746086,2983.50736172054,459.226907443733,882.058073701439,1829.64362820644,2814.96494904244,335.653820239976,450.169573791475,799.386324355535,967.738193207199,128.302095398623,701.876841118548,3459.92387376074,32172.2868858365,4536.67770427248,498.397365006301,197.330819717917,6268.52643938771,19171.6558827201,1809.17065769872,884.292529128303,2878.70456676555,8866.24268074309,8067.97001370802,1114.92800071214,1483.4332720463,20714.9809389679,10975.2895048444,14076.4829693083,1683.91855605926,2724.14864597007,5389.70410215094,1761.88218757239,459.440813554965,4413.4012458894,21316.5802584015,28430.2509346181,15169.0321964626,18249.268895869,3664.97472352929,6104.9217589326,1158.64027292936,204.07237909625,2414.75980910267,0,,,,,
M69-70,864.082195711423,232.225543943118,0.516807950891552,398.235587146578,3587.95679909298,206.787980793401,1041.92820176473,1041.1429890366,161.019295736422,257.587774867268,2573.9602398571,2070.32440275792,698.971967196893,1070.87685724126,3955.25244925122,706.778264938477,1220.83186652278,6385.5824360414,4777.13315074551,406.065251064008,1913.88612731037,726.172177978017,3595.85624043628,501.075875576357,2277.3702687629,2500.8406624853,19753.8020115267,3230.88904960039,634.109185817264,235.493855606759,3309.78312804078,3108.18818003166,2348.53329536388,1083.19076930528,4122.76184493634,15644.0859942841,5091.49506756095,468.969128540443,354.13262481285,4164.0113251643,18158.8110389199,9011.55035398328,3711.55997962241,3402.64045200245,5561.52316217792,2965.06779004652,1064.83913338061,6181.12574789891,5669.41854392966,1713.57843340321,2563.32013300022,1216.22552214982,936.864422541367,926.296443699221,1492.51888074085,199.627710057725,516.125377644929,0,,,,,
M71-72,70.5175323551622,153.585915053413,0.009938614440222,1408.04189311035,595.82957014431,76.2043733588411,415.610812307802,618.496929459618,133.955563524074,100.291833321322,1366.28781888574,641.115838849581,396.947299283457,391.13579473437,1351.82634088233,239.78339237095,446.719239728222,1295.83295619608,3531.03071549251,195.440425764963,332.696580463515,339.123295690396,1001.17304971726,199.164406395642,1439.38645514173,71219.9144945682,3012.4367370939,1902.25844667415,179.742182675295,52.1251221896383,2748.2826782175,237.594228012283,1036.5215263398,75.0015001647541,1959.57570472113,2009.04014257956,383.198870312347,146.616598634925,29.8066299893551,1632.95584286436,1932.08034702347,14099.9099289675,262.975262426606,1337.54165003997,1175.28459752315,432.323191647093,73.4801775087412,979.447543879514,3795.25377313429,1042.59259116778,1544.19061195983,541.629978839914,390.331085596394,230.705718816334,297.896290762447,63.7336777032159,58.3448971204872,0,,,,,
M73,0.16849004552506,86.9505799107879,0.272318035662087,132.766725715066,1704.40737009223,54.3217043332209,196.903738444524,556.173259030538,156.969197072909,59.6004977653968,853.125196176285,371.603982264246,236.18972592483,204.95637762123,923.515210235813,164.86003341352,275.049599831615,1284.47716177385,2180.15173736928,91.863209757665,293.727215638831,270.025867795359,478.007148325365,86.2732466618292,424.732354788512,812.523468309036,8246.94575442982,528.599121433977,192.914268654511,140.551668761346,931.679205800088,1348.92311057037,1694.86379377748,512.430833016444,1774.98399434829,1974.71511056925,622.821936502497,162.423049396302,181.841604249936,2113.06442515887,1847.34571253566,1971.76720392035,3829.79548045028,1771.18381187863,1510.87471795834,262.870193974387,199.7399047723,669.171393243547,1181.46801697574,370.43765647805,1094.1303360909,234.302394827852,630.948553450419,441.759673427119,385.240875643617,58.8474496247892,436.743331745721,0,,,,,
M74-75,646.201397272767,50.7679463286496,0.073545746857644,85.5976871242662,625.575659978837,35.858466781072,150.954435925362,424.12699734014,113.476604083423,39.2066653400515,1033.71692455125,338.525500048482,173.246315089803,62.8209847763179,623.130926977718,111.586314106997,189.993589231607,903.195279736465,1548.54226716222,81.6229709242486,165.290930019273,161.034457851789,386.091613399017,71.89187411013,408.57517564155,549.70608929332,4516.78863635065,311.488847002456,141.013808079479,1044.36405529954,732.237986985814,321.978181508362,533.686099158571,112.797097857875,2539.94087765502,1843.73456707491,948.590485165965,91.4217329192332,101.865435302727,635.454186376359,1708.85015863511,2820.79067036289,1245.33438348669,1879.37390443849,1540.74437748181,1358.80747812268,40.1208310711525,2900.26107177354,1099.71505585108,546.233005933684,493.576823261073,387.159985395403,253.61562038771,437.906715456698,207.428077766886,50.2749814756042,113.634243520926,0,,,,,
N77,145.588091344644,42.2363496027421,0.085472084185911,139.159882197594,444.166103637538,71.6358629638054,301.095714258142,468.021623936966,263.220591041525,5.283921641727,1495.90498493747,204.307929780682,96.5360238461287,1017.96240029921,572.461183533961,66.6289451822198,207.150845162067,612.171014777265,350.740559274418,28.7863797475014,129.425936781861,177.19846929128,116.330181597369,586.738317011429,321.544303222222,3319.58952628529,7323.46342310952,3204.38509362938,178.350978933871,2572.74710236001,3096.863338041,1691.05574204345,1001.34085316067,1718.39859586639,1631.11106326029,1994.98787733248,188.133812298052,15.3613551711259,134.81609727261,563.695657023296,1221.87458393478,1724.01156289906,301.424260724312,470.643061741565,2226.2337120794,381.929902810921,63.5555979154908,714.763707369002,759.901106452918,540.419632426171,370.20854649063,991.470347251609,446.533144261839,219.556011389225,382.412068573031,54.7166504375038,421.664500301153,0,,,,,
N78,0.276359775028215,5.57234136778648,0.089447529962,653.921955057267,1037.5301133719,22.7697820772138,206.630574184448,138.642839340511,105.079000355901,278.98107438978,727.166688479183,214.371342911747,197.793116149964,380.585181314241,544.790860718146,906.551110149351,943.818474495193,1958.10382767743,1571.92778162216,977.346292374977,149.155104289429,1395.004288971,3153.43032983174,117.074955011911,662.184404957084,3423.50257103244,4771.80859826355,2290.09822639764,77.6923562768747,266.21044546851,2185.59790558946,2532.40621884699,949.75695768242,523.46430228736,1500.93972925982,5461.16331813384,431.717590326055,359.003030570853,340.647584420025,870.592024166246,1982.64544425333,4885.19120705045,452.812793172349,386.889748355248,1718.20358775205,918.506684282876,44.9097315279702,1088.99644631843,129.672911363752,1658.34392601911,5393.94017527358,2400.67290635679,501.532015214428,202.991333564673,55.4357449669568,93.518563071526,96.3386763310478,0,,,,,
N79,0.00758471738348,0.422600860660232,0,1.12383669146263,0.813776100895423,0.115161233244618,3.09071236360293,7.78449469705144,0.080901148614406,0.004062147752676,8.85174868019523,3.67194509805288,0.164389206239881,1.14138173372808,27.5466965606192,2.16421661737065,0.626454959200344,21.4921161430015,41.8417474714106,0.361631739601822,3.89294537837988,4.10877474276665,7.80205451632822,0.084842495641843,1.60163391513349,104.632754948971,264.535242112445,97.4148583776462,185.099224821954,19.5469208211144,131.947765833964,170.855141358745,82.836611255728,39.2704120346301,15.2073919801574,264.495659944175,25.7446269460492,10.7678332300432,2.10317980035113,51.7465544744029,260.969047873434,99.6943302955003,38.1954282397648,72.4909026915358,78.1204795912381,51.0252970443696,2508.37663505468,56.4501259845357,80.0245067840102,77.6261347462521,120.700861239601,146.73687793822,140.355482968214,31.4902844054874,19.0314454681255,3.33125979366867,32.381012722652,0,,,,,
N80-82,151.516288957387,177.105064364944,0.129201987722888,426.099217446372,1361.76082410366,54.396197131422,294.999272830403,1299.85102271285,199.373295996093,110.003900083926,1359.36749537014,890.364671411217,429.68793875123,522.729088000888,1478.41128981393,374.298140488336,494.579727451916,2005.41694962988,2938.33065910788,146.630899289836,536.810409450043,427.402064311413,997.110076357816,102.985364161159,958.425575417521,2392.96030652397,6553.75418526251,1549.16204837831,128.63073316754,291.342200809943,2648.93434963367,2938.63916953398,852.536504886504,272.54723374792,2417.19781017918,2983.24490517623,2687.34298198375,669.885464491699,208.984331143759,25172.5486489175,3058.04476838814,3778.39388304224,1220.33977908771,1426.64643620868,1644.68787639602,1005.3896422865,68.074799959526,2855.95040586808,3594.35054523222,2740.87547060852,4701.95883118673,2640.71030971423,2063.24083403683,1619.74055497847,901.124783257502,139.80521964119,194.170351642941,0,,,,,
O84,274.593053853807,68.6279487489496,3.01268840033436,116.514819678593,737.541518523882,68.8657778066187,239.212101924333,415.381494639702,60.4093002965784,118.190021561235,470.812300814977,194.803069254287,109.002988823518,286.2662074013,868.840236304947,71.2298171229843,99.5503313997712,607.846149852304,776.036697590323,64.9176724502159,196.250638683971,125.368448583815,1308.53585974964,152.749307590249,230.016716914534,1611.94006828885,1163.54292669029,791.007171973168,97.1845244555005,3.72322301354559,1593.55624230309,427.939012125497,59.3802667035872,220.862665311206,334.173629001906,638.085090539952,444.58990379908,111.379603307739,44.7683434453461,1106.76899734038,474.860906119822,874.667983655795,123.971025265962,168.457199795923,476.576174678638,146.06105018262,177.361917976434,337.301789556872,2420.78148155602,7904.90484382064,525.633679592566,7712.74636741107,672.235825167581,779.609117688921,191.563918841541,19.1726470439911,82.6172353755845,0,,,,,
P85,0.389523567538992,21.4472058997707,0.0178895059924,18.9367440089097,96.9093974728163,12.6226242028022,73.8364380117771,425.023837295833,7.23750336597651,73.5260936546138,18.4564542261253,48.785236201928,206.133748715032,191.248948105339,272.39336324761,11.9675622736782,103.854750256894,173.925288135082,341.038883582682,4.72149820398679,13.744843511433,32.5488859146705,25.0254583328408,2.1023243379015,63.4357032075726,217.78871249839,537.510330742573,312.059026290823,0.896594432535359,1067.6341991342,985.500389567863,63.0205753212717,192.468107070362,27.0135237632677,37.3654139940074,1333.74885636653,160.408829433076,128.182390747461,132.599168494457,542.281049864876,495.180533786582,897.995101612581,407.065927940994,98.8851701259484,518.010392119425,79.8054722024041,24.4779972652605,144.980993449875,2874.42799159914,3070.96281563899,1193.0398630228,527.012744490623,96.2995710561718,153.294035941205,344.829283443629,11.4353745075897,16.4893588362826,0,,,,,
Q86,140.683293619713,75.1911652126155,0.009938614440222,50.2908691987574,92.023859859801,9.18679249641537,45.2652947013508,171.816704635665,5.28459068580059,6.43841887884153,61.7884992412789,103.153006949098,38.4985390930383,46.9316054367163,261.162186556658,27.7437227461783,17.5783081032838,297.324885837444,264.070447909287,35.1584228051383,73.633845044267,65.3721357168563,193.232117042161,130.175096942365,22.4352990685344,584.869704364464,876.610186039547,132.095184087667,20.2355166945351,0,313.404570203227,98.3686698961137,112.923521184381,124.107847527247,237.27666928421,311.024647549377,157.438295554685,43.5667201473714,27.8757085480289,331.92825725263,256.815685221805,583.417121194581,32.9055988729078,362.880808418517,139.401692520523,104.978375244705,25.6392760160603,257.464792351259,620.793605956332,600.798799803384,11788.1764559324,2169.34087266789,167.045034445926,101.693763690062,103.769940476013,3.6364479506237,33.0671845078703,0,,,,,
Q87-88,0,0.078986753635491,0,0.104389525644791,0.002152855932525,0.038967554362915,0.018770300580722,0.02439296803449,0.000619125926225,0.000366095530818,0.002883119839152,0.046471403852793,0.010616770393734,0.005164169784667,0.040374342122191,0.001589193484307,0.019175804418117,0.004411617671829,0.003852058314826,0.048655068572364,0.031385730182943,0.057036004663226,0.016690973910225,0,0,12.8558181290177,3.11242349892966,5.61157024793388,0,0,0.018659130985074,0.306499622192293,1.0484067816226,0,0.011134702921494,4.1870299756273,0,0.272388143051802,0.501798199566645,21.3734319826164,1.01856455011298,7.15054075706825,0.119388893618261,3.6807808324779,0.499453804274462,2.24762605570599,0.012639766650462,4.73078542089116,153.189436105349,1.34353000303766,2.92727085859282,0.025098555050427,0.025308865603946,0.000562048695152,0.002323139812809,0.026267542922995,0.14431094881274,0,,,,,
R90-92,0.028972177512072,0.410919879187355,0,8.16863366318519,2.34997715838832,0.360572984222916,0.807791361968932,76.8560695315668,25.4505512716519,0.028639934987871,1.0819464689754,0.947400359647692,1.01870077971979,1.10397679546094,7.73875910102285,8.56018968730754,1.32439669485124,30.3196394892661,575.181768281734,0.037548239660928,1.61285168589515,6.89124773478219,0.190336569692926,0,5.75719623041374,983.399396534335,717.552930729439,35.6724208960602,0,0,264.264240139798,732.24975944823,57.5071553481506,1361.28447414532,3.31889357896197,150.786899500159,80.2044147165378,1.39486675452901,2.56964792305557,746.968913288093,219.144477565821,331.309157531895,16.4413323532456,0.957439779827496,155.82702317223,8.57538647446572,100.202403663381,51.1443831958256,801.276869571294,307.324607402417,2.02072676463465,640.478814405468,3068.47352133518,1212.71540704083,7.66121530588526,1.48553099618869,119.559604357638,0,,,,,
R93,0.027336236099317,4.26074873523733,0.007950891552178,30.6510020442476,87.1143741388357,8.86527802147882,42.9132402138403,93.9728923015713,16.3550404453595,4.11306257553522,60.8560627823937,48.2818069507755,21.2060681012376,22.6254741646487,115.759681625092,33.919709117334,23.0479345762165,197.031313606175,353.774491696084,11.296521242435,16.8809507048564,40.1845831014069,131.379889180256,11.5189551101796,77.720599597582,642.586510127197,930.524775350734,106.702230511569,55.4503967235196,0,131.18322169946,383.135605950995,33.4237380229633,72.6264530116879,323.825488483001,478.017472184076,236.652532311759,59.7664472789221,29.4864837883505,388.464100187847,327.617004225418,599.510089368374,128.728197451145,145.245811413431,201.056957062801,97.5099957834112,13.3414932562382,233.594089319157,227.108817955352,174.344738315723,178.09007287087,483.532358539531,129.462551138022,114.018716618923,75.1629609254668,12.1757134283269,19.8900095352994,0,,,,,
S94,66.5279116351008,45.2467005320127,1.01019263544225,38.3213666760629,183.65984380397,41.9565353944608,140.113994531423,245.690881547181,23.6176857154327,35.8183780355285,95.2133349571693,145.499265667754,58.1836481997078,205.851588240122,250.287818037602,47.201357773181,44.477428173003,235.644461720697,419.332891233416,30.9318464246419,101.392536315969,53.7406076173735,188.706945353826,150.660965034897,396.998355707286,304.167076527629,793.84594865544,737.306844296619,66.9677519313376,19.5469208211144,391.071642316595,331.239231274764,102.075928269112,38.2133839283622,453.82145911852,348.414619793493,211.898083325174,19.5719074776166,0.143370914161899,241.113215815121,302.518154862245,445.035747729311,128.8371024152,104.646739209471,157.151340373341,79.6207159317856,53.1146277604112,191.662830671402,47.5949467542735,95.6186753612939,82.0472181089354,145.497222360322,36.0585274116661,109.480006724486,153.132179792123,12.2602676483798,84.2397714570345,0,,,,,
S95,0.990120093631898,2.905913531432,3.01070067744632,17.9004122076413,142.619445754466,42.3274653848818,85.2808205851709,60.1462270764699,16.2634685531821,27.9149686799818,41.9598187071099,47.0659448645064,101.802949462369,63.2895107100539,227.032583443152,31.5035229645925,168.490954569763,130.417586418034,210.983180578554,23.7126003515426,43.1708168192792,47.8084915082606,266.337623797276,277.212897817358,158.750417846714,65.062452909103,439.059288508054,75.2357792485717,25.2298844043529,0.930805753386399,87.0653336124317,527.607100261203,38.6090592591696,103.228669423744,328.636352703738,368.00061692602,15.8428473514149,4.19533132781594,80.7431645630607,516.162838006366,182.648115148195,366.383401660564,76.5197177235077,76.8376356740346,177.410979929889,42.0997979703207,32.6006837590074,111.324848595469,867.164504722848,201.25057929847,258.823033305413,165.334349007447,97.7210916137866,72.6543431333236,101.805708574174,14.6837507106024,72.2294925116472,0,,,,,
S96,0.027226122410368,2.28919898354827,0,13.1042700500565,29.5708256017976,4.13929482593258,15.6625826483956,46.8407810627349,2.00724467224001,0.061327919480109,45.9337480348002,5.02309854854777,9.25512851202699,2.87642670396569,50.4678411593744,5.87852494012514,10.6191056394509,69.4119970684515,49.6264036270937,4.62213989790717,14.2582549043398,17.4575879895719,1.71262874352522,0.135114700724138,7.05259534902212,86.6960708199108,133.682792676498,262.669217484963,40.1681099937601,5.58483452031839,64.652875101745,869.428006946453,26.9726007480447,22.9645004341305,145.752246321196,335.024422246612,75.2535249192206,41.1255335954867,0.672740443375063,57.1909835375199,398.255591458703,210.727512733998,198.373362718372,151.620317399282,71.7371843868974,108.196093708332,5.25035688184636,240.042042381421,212.708758742463,196.536011753702,1565.65765789882,660.362531787728,35.5116305374489,61.3866501103656,102.746748325875,4.97653587765334,50.0392058023359,0,,,,,
T97-98,0,0,0,0,0,0,0,0,0,0,0,0,0,0,0,0,0,0,0,0,0,0,0,0,0,0,0,0,0,0,0,0,0,0,0,0,0,0,0,0,0,0,0,0,0,0,0,0,0,0,0,0,0,0,0,0,0,0,,,,,
